[{"pos_x": -136.495, "pos_y": 0.423506, "rotation": 0.0, "side": "top", "designator": "C1", "mpn": null, "pack": "C_Rect_L7.2mm_W2.5mm_P5.00mm_FKS2_FKP2_MKS2_MKP2", "value": "0.1u", "mount_type": "tht", "place": true}, {"pos_x": -100.33, "pos_y": 6.138506, "rotation": 0.0, "side": "top", "designator": "C9", "mpn": null, "pack": "C_Rect_L7.2mm_W2.5mm_P5.00mm_FKS2_FKP2_MKS2_MKP2", "value": "0.1u", "mount_type": "tht", "place": true}, {"pos_x": -131.455, "pos_y": -4.021494, "rotation": 180.0, "side": "top", "designator": "C2", "mpn": null, "pack": "C_Rect_L7.2mm_W4.5mm_P5.00mm_FKS2_FKP2_MKS2_MKP2", "value": "470p", "mount_type": "tht", "place": true}, {"pos_x": -120.66, "pos_y": 5.503506, "rotation": 180.0, "side": "top", "designator": "C3", "mpn": null, "pack": "C_Rect_L7.2mm_W2.5mm_P5.00mm_FKS2_FKP2_MKS2_MKP2", "value": "0.47u", "mount_type": "tht", "place": true}, {"pos_x": -107.96, "pos_y": 7.62, "rotation": 180.0, "side": "top", "designator": "C4", "mpn": null, "pack": "C_Rect_L7.2mm_W2.5mm_P5.00mm_FKS2_FKP2_MKS2_MKP2", "value": "47n", "mount_type": "tht", "place": true}, {"pos_x": -82.63, "pos_y": 7.62, "rotation": 180.0, "side": "top", "designator": "C12", "mpn": null, "pack": "C_Rect_L7.2mm_W2.5mm_P5.00mm_FKS2_FKP2_MKS2_MKP2", "value": "47n", "mount_type": "tht", "place": true}, {"pos_x": -113.03, "pos_y": 3.883506, "rotation": 0.0, "side": "top", "designator": "C6", "mpn": null, "pack": "C_Rect_L7.2mm_W2.5mm_P5.00mm_FKS2_FKP2_MKS2_MKP2", "value": "47n", "mount_type": "tht", "place": true}, {"pos_x": -82.63, "pos_y": 11.43, "rotation": 180.0, "side": "top", "designator": "C13", "mpn": null, "pack": "C_Rect_L7.2mm_W3.0mm_P5.00mm_FKS2_FKP2_MKS2_MKP2", "value": "1u", "mount_type": "tht", "place": true}, {"pos_x": -107.96, "pos_y": 11.218506, "rotation": 180.0, "side": "top", "designator": "C7", "mpn": null, "pack": "C_Rect_L7.2mm_W2.5mm_P5.00mm_FKS2_FKP2_MKS2_MKP2", "value": "47n", "mount_type": "tht", "place": true}, {"pos_x": -95.26, "pos_y": 10.583506, "rotation": 180.0, "side": "top", "designator": "C8", "mpn": null, "pack": "C_Rect_L7.2mm_W4.5mm_P5.00mm_FKS2_FKP2_MKS2_MKP2", "value": "470p", "mount_type": "tht", "place": true}, {"pos_x": -144.78, "pos_y": 0.254, "rotation": 0.0, "side": "top", "designator": "C10", "mpn": null, "pack": "C_Rect_L7.2mm_W2.5mm_P5.00mm_FKS2_FKP2_MKS2_MKP2", "value": "10n", "mount_type": "tht", "place": true}, {"pos_x": -131.572, "pos_y": 3.81, "rotation": 180.0, "side": "top", "designator": "C11", "mpn": null, "pack": "C_Rect_L7.2mm_W2.5mm_P5.00mm_FKS2_FKP2_MKS2_MKP2", "value": "10n", "mount_type": "tht", "place": true}, {"pos_x": -106.78, "pos_y": -17.356494, "rotation": 180.0, "side": "top", "designator": "D1", "mpn": null, "pack": "D_DO-35_SOD27_P7.62mm_Horizontal", "value": "1N914", "mount_type": "tht", "place": true}, {"pos_x": -101.61, "pos_y": -14.816494, "rotation": 0.0, "side": "top", "designator": "D3", "mpn": null, "pack": "D_DO-35_SOD27_P7.62mm_Horizontal", "value": "1N914", "mount_type": "tht", "place": true}, {"pos_x": -114.4, "pos_y": -14.816494, "rotation": 0.0, "side": "top", "designator": "D2", "mpn": null, "pack": "D_DO-35_SOD27_P7.62mm_Horizontal", "value": "1N914", "mount_type": "tht", "place": true}, {"pos_x": -93.99, "pos_y": -20.32, "rotation": 180.0, "side": "top", "designator": "D4", "mpn": null, "pack": "D_DO-35_SOD27_P7.62mm_Horizontal", "value": "1N914", "mount_type": "tht", "place": true}, {"pos_x": -131.572, "pos_y": 7.112, "rotation": 90.0, "side": "top", "designator": "Q1", "mpn": null, "pack": "TO-92_Inline_Wide", "value": "MPSA42", "mount_type": "tht", "place": true}, {"pos_x": -100.34, "pos_y": 15.663506, "rotation": 0.0, "side": "top", "designator": "Q3", "mpn": null, "pack": "TO-92_Inline_Wide", "value": "2N5089", "mount_type": "tht", "place": true}, {"pos_x": -77.226, "pos_y": 5.08, "rotation": 90.0, "side": "top", "designator": "Q4", "mpn": null, "pack": "TO-92_Inline_Wide", "value": "2N5089", "mount_type": "tht", "place": true}, {"pos_x": -80.274, "pos_y": -7.196494, "rotation": 90.0, "side": "top", "designator": "R0", "mpn": null, "pack": "R_Axial_DIN0207_L6.3mm_D2.5mm_P7.62mm_Horizontal", "value": "2M", "mount_type": "tht", "place": true}, {"pos_x": -92.974, "pos_y": 0.423506, "rotation": -90.0, "side": "top", "designator": "R1", "mpn": null, "pack": "R_Axial_DIN0207_L6.3mm_D2.5mm_P7.62mm_Horizontal", "value": "39k", "mount_type": "tht", "place": true}, {"pos_x": -91.45, "pos_y": 3.598506, "rotation": 90.0, "side": "top", "designator": "R17", "mpn": null, "pack": "R_Axial_DIN0207_L6.3mm_D2.5mm_P7.62mm_Horizontal", "value": "10k", "mount_type": "tht", "place": true}, {"pos_x": -139.71, "pos_y": 23.918506, "rotation": 0.0, "side": "top", "designator": "R18", "mpn": null, "pack": "R_Axial_DIN0207_L6.3mm_D2.5mm_P7.62mm_Horizontal", "value": "2.2k", "mount_type": "tht", "place": true}, {"pos_x": -104.15, "pos_y": 3.598506, "rotation": 90.0, "side": "top", "designator": "R13", "mpn": null, "pack": "R_Axial_DIN0207_L6.3mm_D2.5mm_P7.62mm_Horizontal", "value": "6.2k", "mount_type": "tht", "place": true}, {"pos_x": -118.745, "pos_y": -7.196494, "rotation": 90.0, "side": "top", "designator": "R2", "mpn": null, "pack": "R_Axial_DIN0207_L6.3mm_D2.5mm_P7.62mm_Horizontal", "value": "100k", "mount_type": "tht", "place": true}, {"pos_x": -101.61, "pos_y": 20.743506, "rotation": 0.0, "side": "top", "designator": "R15", "mpn": null, "pack": "R_Axial_DIN0207_L6.3mm_D2.5mm_P7.62mm_Horizontal", "value": "470k", "mount_type": "tht", "place": true}, {"pos_x": -121.92, "pos_y": -7.196494, "rotation": 90.0, "side": "top", "designator": "R3", "mpn": null, "pack": "R_Axial_DIN0207_L6.3mm_D2.5mm_P7.62mm_Horizontal", "value": "470k", "mount_type": "tht", "place": true}, {"pos_x": -139.71, "pos_y": 20.743506, "rotation": 0.0, "side": "top", "designator": "R5", "mpn": null, "pack": "R_Axial_DIN0207_L6.3mm_D2.5mm_P7.62mm_Horizontal", "value": "10k", "mount_type": "tht", "place": true}, {"pos_x": -125.095, "pos_y": 0.423506, "rotation": -90.0, "side": "top", "designator": "R4", "mpn": null, "pack": "R_Axial_DIN0207_L6.3mm_D2.5mm_P7.62mm_Horizontal", "value": "180R", "mount_type": "tht", "place": true}, {"pos_x": -128.27, "pos_y": -7.196494, "rotation": 90.0, "side": "top", "designator": "R19", "mpn": null, "pack": "R_Axial_DIN0207_L6.3mm_D2.5mm_P7.62mm_Horizontal", "value": "10k", "mount_type": "tht", "place": true}, {"pos_x": -102.626, "pos_y": 0.423506, "rotation": -90.0, "side": "top", "designator": "R14", "mpn": null, "pack": "R_Axial_DIN0207_L6.3mm_D2.5mm_P7.62mm_Horizontal", "value": "100k", "mount_type": "tht", "place": true}, {"pos_x": -106.69, "pos_y": 23.918506, "rotation": 180.0, "side": "top", "designator": "R7", "mpn": null, "pack": "R_Axial_DIN0207_L6.3mm_D2.5mm_P7.62mm_Horizontal", "value": "1k", "mount_type": "tht", "place": true}, {"pos_x": -116.85, "pos_y": 3.598506, "rotation": 90.0, "side": "top", "designator": "R8", "mpn": null, "pack": "R_Axial_DIN0207_L6.3mm_D2.5mm_P7.62mm_Horizontal", "value": "6.2k", "mount_type": "tht", "place": true}, {"pos_x": -115.57, "pos_y": 0.423506, "rotation": -90.0, "side": "top", "designator": "R9", "mpn": null, "pack": "R_Axial_DIN0207_L6.3mm_D2.5mm_P7.62mm_Horizontal", "value": "100k", "mount_type": "tht", "place": true}, {"pos_x": -88.91, "pos_y": 23.918506, "rotation": 0.0, "side": "top", "designator": "R22", "mpn": null, "pack": "R_Axial_DIN0207_L6.3mm_D2.5mm_P7.62mm_Horizontal", "value": "470k", "mount_type": "tht", "place": true}, {"pos_x": -93.99, "pos_y": 23.918506, "rotation": 180.0, "side": "top", "designator": "R21", "mpn": null, "pack": "R_Axial_DIN0207_L6.3mm_D2.5mm_P7.62mm_Horizontal", "value": "100k", "mount_type": "tht", "place": true}, {"pos_x": -127.01, "pos_y": 20.743506, "rotation": 0.0, "side": "top", "designator": "R10", "mpn": null, "pack": "R_Axial_DIN0207_L6.3mm_D2.5mm_P7.62mm_Horizontal", "value": "470k", "mount_type": "tht", "place": true}, {"pos_x": -88.91, "pos_y": 20.743506, "rotation": 0.0, "side": "top", "designator": "R24", "mpn": null, "pack": "R_Axial_DIN0207_L6.3mm_D2.5mm_P7.62mm_Horizontal", "value": "10k", "mount_type": "tht", "place": true}, {"pos_x": -77.226, "pos_y": 0.423506, "rotation": -90.0, "side": "top", "designator": "R23", "mpn": null, "pack": "R_Axial_DIN0207_L6.3mm_D2.5mm_P7.62mm_Horizontal", "value": "2.2k", "mount_type": "tht", "place": true}, {"pos_x": -106.69, "pos_y": 20.743506, "rotation": 180.0, "side": "top", "designator": "R11", "mpn": null, "pack": "R_Axial_DIN0207_L6.3mm_D2.5mm_P7.62mm_Horizontal", "value": "10k", "mount_type": "tht", "place": true}, {"pos_x": -127.01, "pos_y": 23.918506, "rotation": 0.0, "side": "top", "designator": "R12", "mpn": null, "pack": "R_Axial_DIN0207_L6.3mm_D2.5mm_P7.62mm_Horizontal", "value": "180R", "mount_type": "tht", "place": true}, {"pos_x": -105.674, "pos_y": 0.423506, "rotation": -90.0, "side": "top", "designator": "R16", "mpn": null, "pack": "R_Axial_DIN0207_L6.3mm_D2.5mm_P7.62mm_Horizontal", "value": "180R", "mount_type": "tht", "place": true}, {"pos_x": -125.74, "pos_y": 15.663506, "rotation": 0.0, "side": "top", "designator": "Q2", "mpn": null, "pack": "TO-92_Inline_Wide", "value": "2N5089", "mount_type": "tht", "place": true}, {"pos_x": -120.66, "pos_y": 10.583506, "rotation": 180.0, "side": "top", "designator": "C5", "mpn": null, "pack": "C_Rect_L7.2mm_W4.5mm_P5.00mm_FKS2_FKP2_MKS2_MKP2", "value": "470p", "mount_type": "tht", "place": true}, {"pos_x": -138.43, "pos_y": -27.94, "rotation": 180.0, "side": "top", "designator": "SW6", "mpn": null, "pack": "SolderWire-0.5sqmm_1x02_P2.54mm_D0.9mm_OD2.1mm", "value": "2.54 pin header to Footswitch", "mount_type": "tht", "place": false}, {"pos_x": -110.49, "pos_y": -2.54, "rotation": 90.0, "side": "top", "designator": "REF**", "mpn": null, "pack": "Enclosure_hammond_1590BB2", "value": "Enclosure_hammond_1590BB2", "mount_type": "tht", "place": false}, {"pos_x": -144.78, "pos_y": -6.858, "rotation": 0.0, "side": "top", "designator": "C17", "mpn": null, "pack": "C_Rect_L7.2mm_W2.5mm_P5.00mm_FKS2_FKP2_MKS2_MKP2", "value": "?", "mount_type": "tht", "place": true}, {"pos_x": -127.1, "pos_y": -17.356494, "rotation": 0.0, "side": "top", "designator": "D8", "mpn": null, "pack": "D_DO-35_SOD27_P7.62mm_Horizontal", "value": "Ger.", "mount_type": "tht", "place": true}, {"pos_x": -88.392, "pos_y": -17.526, "rotation": 90.0, "side": "top", "designator": "D9", "mpn": null, "pack": "LED_D5.0mm", "value": "Red LED", "mount_type": "tht", "place": true}, {"pos_x": -139.78, "pos_y": 3.81, "rotation": 180.0, "side": "top", "designator": "C15", "mpn": null, "pack": "C_Rect_L7.2mm_W2.5mm_P5.00mm_FKS2_FKP2_MKS2_MKP2", "value": "6n8", "mount_type": "tht", "place": true}, {"pos_x": -115.57, "pos_y": -22.86, "rotation": 90.0, "side": "top", "designator": "J1", "mpn": null, "pack": "PinHeader_1x05_P2.54mm_Vertical", "value": "5 pin header", "mount_type": "tht", "place": true}, {"pos_x": -75.565, "pos_y": 23.918506, "rotation": 0.0, "side": "top", "designator": "REF**", "mpn": null, "pack": "SolderWire-0.5sqmm_1x01_D0.9mm_OD2.1mm", "value": "GND", "mount_type": "tht", "place": false}, {"pos_x": -144.78, "pos_y": -12.7, "rotation": -90.0, "side": "top", "designator": "R26", "mpn": null, "pack": "Potentiometer_Vishay_T73YP_Vertical", "value": "100k", "mount_type": "tht", "place": true}, {"pos_x": -125.476, "pos_y": -24.13, "rotation": 20.0, "side": "top", "designator": "G***", "mpn": null, "pack": "Logo_circlecircuits_13mm_silk", "value": "LOGO", "mount_type": "tht", "place": false}, {"pos_x": -148.6, "pos_y": 23.918506, "rotation": 0.0, "side": "top", "designator": "H1", "mpn": null, "pack": "SolderWire-0.5sqmm_1x01_D0.9mm_OD2.1mm", "value": "In", "mount_type": "tht", "place": false}, {"pos_x": -144.78, "pos_y": 9.906, "rotation": -90.0, "side": "top", "designator": "R30", "mpn": null, "pack": "Potentiometer_Vishay_T73YP_Vertical", "value": "B25k", "mount_type": "tht", "place": true}, {"pos_x": -127.127, "pos_y": -14.732, "rotation": 0.0, "side": "top", "designator": "D7", "mpn": null, "pack": "D_DO-35_SOD27_P7.62mm_Horizontal", "value": "Ger.", "mount_type": "tht", "place": true}, {"pos_x": -119.507, "pos_y": -12.065, "rotation": 180.0, "side": "top", "designator": "D6", "mpn": null, "pack": "D_DO-35_SOD27_P7.62mm_Horizontal", "value": "Ger.", "mount_type": "tht", "place": true}, {"pos_x": -72.39, "pos_y": 23.918506, "rotation": 0.0, "side": "top", "designator": "H2", "mpn": null, "pack": "SolderWire-0.5sqmm_1x01_D0.9mm_OD2.1mm", "value": "Out", "mount_type": "tht", "place": false}, {"pos_x": -89.799, "pos_y": -7.196494, "rotation": 90.0, "side": "top", "designator": "R31", "mpn": null, "pack": "R_Axial_DIN0207_L6.3mm_D2.5mm_P7.62mm_Horizontal", "value": "390k", "mount_type": "tht", "place": true}, {"pos_x": -145.415, "pos_y": 23.918506, "rotation": 0.0, "side": "top", "designator": "REF**", "mpn": null, "pack": "SolderWire-0.5sqmm_1x01_D0.9mm_OD2.1mm", "value": "GND", "mount_type": "tht", "place": false}, {"pos_x": -104.394, "pos_y": -28.448, "rotation": 0.0, "side": "top", "designator": "R29", "mpn": null, "pack": "R_Axial_DIN0207_L6.3mm_D2.5mm_P7.62mm_Horizontal", "value": "4k", "mount_type": "tht", "place": true}, {"pos_x": -81.788, "pos_y": -14.986, "rotation": -90.0, "side": "top", "designator": "D10", "mpn": null, "pack": "LED_D5.0mm", "value": "Red LED", "mount_type": "tht", "place": true}, {"pos_x": -87.63, "pos_y": 4.064, "rotation": 0.0, "side": "top", "designator": "C16", "mpn": null, "pack": "C_Rect_L7.2mm_W2.5mm_P5.00mm_FKS2_FKP2_MKS2_MKP2", "value": "680p", "mount_type": "tht", "place": true}, {"pos_x": -101.6, "pos_y": -17.78, "rotation": 0.0, "side": "top", "designator": "D5", "mpn": null, "pack": "D_DO-35_SOD27_P7.62mm_Horizontal", "value": "1N914", "mount_type": "tht", "place": true}, {"pos_x": -78.74, "pos_y": -28.575, "rotation": 0.0, "side": "top", "designator": "Switch-Header1", "mpn": null, "pack": "Connector_Header_Switch", "value": "JST connector 2 pin", "mount_type": "tht", "place": false}, {"pos_x": -139.78, "pos_y": -3.302, "rotation": 180.0, "side": "top", "designator": "C14", "mpn": null, "pack": "C_Rect_L7.2mm_W2.5mm_P5.00mm_FKS2_FKP2_MKS2_MKP2", "value": "47n", "mount_type": "tht", "place": true}, {"pos_x": -110.5, "pos_y": 28.363506, "rotation": 0.0, "side": "top", "designator": "DC-Header1", "mpn": null, "pack": "Connector_Header_DC", "value": "JST connector 2 pin", "mount_type": "tht", "place": false}, {"pos_x": -136.652, "pos_y": -12.7, "rotation": -90.0, "side": "top", "designator": "R27", "mpn": null, "pack": "Potentiometer_Vishay_T73YP_Vertical", "value": "100k", "mount_type": "tht", "place": true}, {"pos_x": -85.1, "pos_y": 15.663506, "rotation": 180.0, "side": "bottom", "designator": "R25", "mpn": null, "pack": "Potentiometer_Alpha_16mm_angled", "value": "A250k", "mount_type": "tht", "place": true}, {"pos_x": -110.5, "pos_y": 15.663506, "rotation": 180.0, "side": "bottom", "designator": "R6", "mpn": null, "pack": "Potentiometer_Alpha_16mm_angled", "value": "B100k", "mount_type": "tht", "place": true}, {"pos_x": -135.9, "pos_y": 15.663506, "rotation": 180.0, "side": "bottom", "designator": "R20", "mpn": null, "pack": "Potentiometer_Alpha_16mm_angled", "value": "B100k", "mount_type": "tht", "place": true}, {"pos_x": -110.49, "pos_y": -4.276494, "rotation": 180.0, "side": "bottom", "designator": "SW1", "mpn": null, "pack": "SW_SPDT_Lugs_Round", "value": "SPDT on-off-on", "mount_type": "tht", "place": true}, {"pos_x": -97.7, "pos_y": -4.276494, "rotation": 180.0, "side": "bottom", "designator": "SW2", "mpn": null, "pack": "SW_SPDT_Lugs_Round", "value": "SPDT on-off-on", "mount_type": "tht", "place": true}, {"pos_x": -85.0, "pos_y": -4.276494, "rotation": 180.0, "side": "bottom", "designator": "SW4", "mpn": null, "pack": "SW_SPDT_Lugs_Round", "value": "SPDT", "mount_type": "tht", "place": true}, {"pos_x": -109.215, "pos_y": -28.575, "rotation": 180.0, "side": "bottom", "designator": "D11", "mpn": null, "pack": "LED_D3.0mm", "value": "LED 5mm", "mount_type": "tht", "place": true}, {"pos_x": -135.9, "pos_y": -20.574, "rotation": 180.0, "side": "bottom", "designator": "RV1", "mpn": null, "pack": "Potentiometer_Alpha_16mm_angled", "value": "?", "mount_type": "tht", "place": true}]